{
  "eyebrow_distance": {
    "neutral_baseline": 454.1720084467637,
    "au4_0": 464.1720084467637,
    "au4_1": 331.7661208900149,
    "au4_2": 306.7661208900149,
    "au4_3": 281.7661208900149,
    "au4_4": 256.7661208900149,
    "au4_5": 231.76612089001492
  },
  "eye_opening_avg": {
    "neutral_baseline": 39.558030501711634,
    "au67_0": 44.558030501711634,
    "au67_1": 16.253606782142686,
    "au67_2": 11.253606782142686,
    "au67_3": 6.253606782142686,
    "au67_4": 1.2536067821426862,
    "au67_5": -3.746393217857314
  },
  "mouth_opening": {
    "neutral_baseline": 19.52101461721909,
    "au910_0": 37.200635741760074,
    "au910_1": 52.200635741760074,
    "au910_2": 67.20063574176007,
    "au910_3": 82.20063574176007,
    "au910_4": 97.20063574176007,
    "au910_5": 112.20063574176007
  }
}