{
  "eyebrow_distance": {
    "au4_0": 396.53691982040345,
    "au4_1": 352.1497347652777,
    "au4_2": 332.1497347652777,
    "au4_3": 312.1497347652777,
    "au4_4": 292.1497347652777,
    "au4_5": 272.1497347652777
  },
  "eye_opening_avg": {
    "au67_0": 34.17307424876854,
    "au67_1": 23.966582755037038,
    "au67_2": 18.966582755037038,
    "au67_3": 13.966582755037038,
    "au67_4": 8.966582755037038,
    "au67_5": 3.966582755037038
  },
  "mouth_opening": {
    "au910_0": 8.576638487223379,
    "au910_1": 18.576638487223377,
    "au910_2": 28.576638487223377,
    "au910_3": 38.57663848722338,
    "au910_4": 48.57663848722338,
    "au910_5": 58.57663848722338
  }
}