{
  "eyebrow_distance": {
    "au4_0": 393.5342656324332,
    "au4_1": 373.85578175215034,
    "au4_2": 354.1772978718675,
    "au4_3": 334.4988139915847,
    "au4_4": 314.82033011130187,
    "au4_5": 295.14184623101903
  },
  "eye_opening_avg": {
    "au67_0": 32.3044587171053,
    "au67_1": 28.04805692955538,
    "au67_2": 23.791655142005464,
    "au67_3": 19.53525335445555,
    "au67_4": 15.27885156690563,
    "au67_5": 11.022449779355714
  },
  "mouth_opening": {
    "au910_0": 7.958454527955283,
    "au910_1": 11.39123442171734,
    "au910_2": 14.824014315479397,
    "au910_3": 18.256794209241455,
    "au910_4": 21.689574103003512,
    "au910_5": 25.12235399676557
  }
}